[{"answer": "Denver Broncos", "question": "Which NFL team represented the AFC at Super Bowl 50?", "id": "56be4db0acb8001400a502ec"}, {"answer": "Carolina Panthers", "question": "Which NFL team represented the NFC at Super Bowl 50?", "id": "56be4db0acb8001400a502ed"}, {"answer": "Santa Clara, California", "question": "Where did Super Bowl 50 take place?", "id": "56be4db0acb8001400a502ee"}, {"answer": "Denver Broncos", "question": "Which NFL team won Super Bowl 50?", "id": "56be4db0acb8001400a502ef"}, {"answer": "gold", "question": "What color was used to emphasize the 50th anniversary of the Super Bowl?", "id": "56be4db0acb8001400a502f0"}, {"answer": "\"golden anniversary\"", "question": "What was the theme of Super Bowl 50?", "id": "56be8e613aeaaa14008c90d1"}, {"answer": "\"golden anniversary\"", "question": "What was the theme of Super Bowl 50?", "id": "56bea9923aeaaa14008c91b9"}, {"answer": "February 7, 2016", "question": "What day was the Super Bowl played on?", "id": "56bea9923aeaaa14008c91bb"}, {"answer": "Denver Broncos", "question": "Who won Super Bowl 50?", "id": "56beace93aeaaa14008c91df"}, {"answer": "Levi's Stadium", "question": "What venue did Super Bowl 50 take place in?", "id": "56beace93aeaaa14008c91e0"}, {"answer": "Santa Clara", "question": "What city did Super Bowl 50 take place in?", "id": "56beace93aeaaa14008c91e1"}, {"answer": "Super Bowl L", "question": "If Roman numerals were used, what would Super Bowl 50 have been called?", "id": "56beace93aeaaa14008c91e2"}, {"answer": "2015", "question": "Super Bowl 50 decided the NFL champion for what season?", "id": "56beace93aeaaa14008c91e3"}, {"answer": "2015", "question": "What year did the Denver Broncos secure a Super Bowl title for the third time?", "id": "56bf10f43aeaaa14008c94fd"}, {"answer": "Santa Clara", "question": "What city did Super Bowl 50 take place in?", "id": "56bf10f43aeaaa14008c94fe"}, {"answer": "Levi's Stadium", "question": "What stadium did Super Bowl 50 take place in?", "id": "56bf10f43aeaaa14008c94ff"}, {"answer": "24\u201310", "question": "What was the final score of Super Bowl 50? ", "id": "56bf10f43aeaaa14008c9500"}, {"answer": "February 7, 2016", "question": "What month, day and year did Super Bowl 50 take place? ", "id": "56bf10f43aeaaa14008c9501"}, {"answer": "2015", "question": "What year was Super Bowl 50?", "id": "56d20362e7d4791d009025e8"}, {"answer": "Denver Broncos", "question": "Who won Super Bowl 50?", "id": "56d20362e7d4791d009025eb"}, {"answer": "2015", "question": "Super Bowl 50 determined the NFL champion for what season?", "id": "56d600e31c85041400946eae"}, {"answer": "Denver Broncos", "question": "Which team won Super Bowl 50.", "id": "56d600e31c85041400946eb0"}, {"answer": "Santa Clara, California.", "question": "Where was Super Bowl 50 held?", "id": "56d600e31c85041400946eb1"}, {"answer": "8", "question": "How many appearances have the Denver Broncos made in the Super Bowl?", "id": "56be4e1facb8001400a502f9"}, {"answer": "New England Patriots", "question": "Who did the Broncos prevent from going to the Super Bowl?", "id": "56beaa4a3aeaaa14008c91c3"}, {"answer": "New England Patriots", "question": "Who were the defending Super Bowl champions?", "id": "56bead5a3aeaaa14008c91eb"}, {"answer": "four", "question": "How many teams have been in the Super Bowl eight times?", "id": "56bead5a3aeaaa14008c91ec"}, {"answer": "4", "question": "How many teams have played in the Super Bowl eight times?", "id": "56bf159b3aeaaa14008c950a"}, {"answer": "New England Patriots", "question": "Which team did not get a chance to defend their Super Bowl XLIX win in Super Bowl 50?", "id": "56bf159b3aeaaa14008c950b"}, {"answer": "2", "question": "How many times have the Panthers been in the Super Bowl?", "id": "56d2045de7d4791d009025f5"}, {"answer": "Von Miller", "question": "Who was the Super Bowl 50 MVP?", "id": "56be4eafacb8001400a50302"}, {"answer": "2", "question": "How many fumbles did Von Miller force in Super Bowl 50?", "id": "56be4eafacb8001400a50303"}, {"answer": "linebacker Von Miller", "question": "Which Denver linebacker was named Super Bowl MVP?", "id": "56beab833aeaaa14008c91d2"}, {"answer": "five solo tackles", "question": "How many solo tackles did Von Miller make at Super Bowl 50?", "id": "56beab833aeaaa14008c91d3"}, {"answer": "Von Miller", "question": "Who won the Super Bowl MVP?", "id": "56beae423aeaaa14008c91f5"}, {"answer": "Von Miller", "question": "Who was given the esteemed status of MVP for Super Bowl 50?", "id": "56bf17653aeaaa14008c9511"}, {"answer": "5", "question": "What was the number of solo tackles that Von Miller had in Super Bowl 50?", "id": "56bf17653aeaaa14008c9514"}, {"answer": "2", "question": "How many forced fumbles did Von Miller have during the Super Bowl 50 game?", "id": "56bf17653aeaaa14008c9515"}, {"answer": "Von Miller", "question": "Who won the MVP for the Super Bowl?", "id": "56d204ade7d4791d00902603"}, {"answer": "seven", "question": "How many times was Cam Newton sacked in Super Bowl 50?", "id": "56d601e41c85041400946ece"}, {"answer": "Von Miller", "question": "Who was the Most Valuable Player of Super Bowl 50?", "id": "56d601e41c85041400946ed1"}, {"answer": "CBS", "question": "Which network broadcasted Super Bowl 50 in the U.S.?", "id": "56be5333acb8001400a5030a"}, {"answer": "$5 million", "question": "What was the average cost for a 30 second commercial during Super Bowl 50?", "id": "56be5333acb8001400a5030b"}, {"answer": "Coldplay", "question": "Which group headlined the Super Bowl 50 halftime show?", "id": "56be5333acb8001400a5030c"}, {"answer": "Beyonc\u00e9 and Bruno Mars", "question": "Which performers joined the headliner during the Super Bowl 50 halftime show?", "id": "56be5333acb8001400a5030d"}, {"answer": "Super Bowl XLVII", "question": "At which Super Bowl did Beyonce headline the halftime show?", "id": "56be5333acb8001400a5030e"}, {"answer": "CBS", "question": "Who was the broadcaster for Super Bowl 50 in the United States?", "id": "56beaf5e3aeaaa14008c91fd"}, {"answer": "Beyonc\u00e9", "question": "What halftime performer previously headlined Super Bowl XLVII?", "id": "56beaf5e3aeaaa14008c91ff"}, {"answer": "Bruno Mars", "question": "What halftime performer previously headlined Super Bowl XLVIII?", "id": "56beaf5e3aeaaa14008c9200"}, {"answer": "CBS", "question": "Which network broadcasted the 50th Super Bowl game? ", "id": "56bf1ae93aeaaa14008c951b"}, {"answer": "$5 million", "question": "What was the average cost for a TV ad lasting 30 seconds during Super Bowl 50?", "id": "56bf1ae93aeaaa14008c951c"}, {"answer": "Bruno Mars", "question": "Who was the male singer who performed as a special guest during Super Bowl 50?", "id": "56bf1ae93aeaaa14008c951e"}, {"answer": "third", "question": "What ranking does the Super Bowl 50 halftime show have on the list of most watched TV broadcasts?", "id": "56bf1ae93aeaaa14008c951f"}, {"answer": "CBS", "question": "What station aired the Super Bowl?", "id": "56d2051ce7d4791d00902608"}, {"answer": "Coldplay", "question": "What band headlined half-time during Super Bowl 50?", "id": "56d2051ce7d4791d0090260a"}, {"answer": "CBS", "question": "Who broadcast the Super Bowl on TV?", "id": "56d602631c85041400946ed8"}, {"answer": "Coldplay", "question": "Who headlined the halftime show for Super Bowl 50?", "id": "56d602631c85041400946eda"}, {"answer": "Beyonc\u00e9 and Bruno Mars", "question": "Who were special guests for the Super Bowl halftime show?", "id": "56d602631c85041400946edb"}, {"answer": "Super Bowl XLVII", "question": "Which Super Bowl halftime show did Beyonc\u00e9 headline?", "id": "56d602631c85041400946edc"}, {"answer": "Coldplay", "question": "Who lead the Super Bowl 50 halftime performance?", "id": "56d98c53dc89441400fdb545"}, {"answer": "Beyonc\u00e9 and Bruno Mars", "question": "What other two famous performers were part of the Super Bowl 50 halftime?", "id": "56d98c53dc89441400fdb546"}, {"answer": "Bruno Mars", "question": "What performer lead the Super Bowl XLVIII halftime show?", "id": "56d98c53dc89441400fdb548"}, {"answer": "the 50th Super Bowl", "question": "Which Super Bowl did Roger Goodell speak about?", "id": "56be53b8acb8001400a50315"}, {"answer": "2012", "question": "In what year did Roger Goodell call Super Bowl 50 'an important game for us as a league'?", "id": "56be53b8acb8001400a50316"}, {"answer": "early 2012", "question": "When did he make the quoted remarks about Super Bowl 50?", "id": "56beafca3aeaaa14008c9208"}, {"answer": "spectacular", "question": "In early 2012, Goodell said that Super Bowl 50 would be what?", "id": "56d6edd00d65d21400198251"}, {"answer": "spectacular", "question": "What one word did the NFL commissioner use to describe what Super Bowl 50 was intended to be?", "id": "56d98d0adc89441400fdb54e"}, {"answer": "2012", "question": "What year did Roger Goodell announce that Super Bowl 50 would be \"important\"?", "id": "56d98d0adc89441400fdb54f"}, {"answer": "New Orleans' Mercedes-Benz Superdome", "question": "Which Louisiana venue was one of three considered for Super Bowl 50?", "id": "56be5438acb8001400a5031a"}, {"answer": "Miami's Sun Life Stadium", "question": "Which Florida venue was one of three considered for Super Bowl 50?", "id": "56be5438acb8001400a5031b"}, {"answer": "San Francisco Bay Area's Levi's Stadium", "question": "Which California venue was one of three considered for Super Bowl 50?", "id": "56be5438acb8001400a5031c"}, {"answer": "Sun Life Stadium", "question": "What venue in Miami was a candidate for the site of Super Bowl 50?", "id": "56beb03c3aeaaa14008c920b"}, {"answer": "Levi's Stadium", "question": "What is the name of San Francisco's stadium when looked at as a possibility for Super Bowl 50?", "id": "56bf3c633aeaaa14008c9580"}, {"answer": "Mercedes-Benz Superdome", "question": "What was the name of New Orleans' superdome at the time that Super Bowl 50 took place?", "id": "56bf3c633aeaaa14008c9581"}, {"answer": "Sun Life Stadium", "question": "What was the given name of Miami's stadium at the time of Super Bowl 50?", "id": "56bf3c633aeaaa14008c9582"}, {"answer": "three", "question": "How many sites did the NFL narrow down Super Bowl 50's location to?", "id": "56d6ee6e0d65d21400198254"}, {"answer": "Sun Life Stadium", "question": "What Florida stadium was considered for Super Bowl 50?", "id": "56d98db6dc89441400fdb552"}, {"answer": "Mercedes-Benz Superdome", "question": "What New Orleans stadium was considered for Super Bowl 50?", "id": "56d98db6dc89441400fdb553"}, {"answer": "Levi's Stadium.", "question": "What is the name of the stadium where Super Bowl 50 was played?", "id": "56d98db6dc89441400fdb554"}, {"answer": "October 16, 2012", "question": "When were the two finalists for hosting Super Bowl 50 announced?", "id": "56be54bdacb8001400a50322"}, {"answer": "10", "question": "How many times has the South Florida/Miami area hosted the Super Bowl?", "id": "56be54bdacb8001400a50323"}, {"answer": "Super Bowl XLIV", "question": "What was the most recent Super Bowl hosted in the South Florida/Miami area?", "id": "56be54bdacb8001400a50324"}, {"answer": "2010", "question": "When was the most recent Super Bowl hosted in the South Florida/Miami area?", "id": "56be54bdacb8001400a50325"}, {"answer": "1985", "question": "When did the San Francisco Bay area last host the Super Bowl?", "id": "56be54bdacb8001400a50326"}, {"answer": "Stanford Stadium", "question": "In what venue did Super Bowl XIX take place?", "id": "56beb0f43aeaaa14008c921d"}, {"answer": "2010", "question": "In what year was the Super Bowl last held in the Miami/South Florida area?", "id": "56beb0f43aeaaa14008c921f"}, {"answer": "two", "question": "How many times has a Super Bowl taken place at Miami's Sun Life Stadium?", "id": "56bf21b43aeaaa14008c9525"}, {"answer": "Super Bowl XLIV", "question": "What was the last Super Bowl that took place at Sun Life Stadium in Miami? ", "id": "56bf21b43aeaaa14008c9526"}, {"answer": "two", "question": "In 2012, how many stadiums were named as finalists for hosting Super Bowl 50 before the final stadium was chosen?", "id": "56bf21b43aeaaa14008c9528"}, {"answer": "Florida legislature", "question": "What was the entity that stepped in and caused Miami's Sun Life Stadium to no longer be in the running to host Super Bowl 50?", "id": "56bf21b43aeaaa14008c9529"}, {"answer": "1985", "question": "Prior to this consideration, when did San Francisco last host a Super Bowl?", "id": "56d6ef6a0d65d21400198260"}, {"answer": "New Orleans", "question": "What other city has hosted the Super Bowl ten times?", "id": "56d6ef6a0d65d21400198262"}, {"answer": "October 16, 2012", "question": "What date were the top two stadium choices for Super Bowl 50 announced?", "id": "56d98f0ddc89441400fdb558"}, {"answer": "New Orleans", "question": "What city is tied with Miami for hosting the Super Bowl?", "id": "56d98f0ddc89441400fdb55a"}, {"answer": "1985", "question": "When was the last time San Francisco hosted a Super Bowl?", "id": "56d98f0ddc89441400fdb55b"}, {"answer": "Florida legislature", "question": "Who decided not to approve paying for renovations at Sun Life Stadium that the league wanted for them to do to host Super Bowl 50?", "id": "56d98f0ddc89441400fdb55c"}, {"answer": "May 21, 2013", "question": "When was Levi's Stadium awarded the right to host Super Bowl 50?", "id": "56be5523acb8001400a5032c"}, {"answer": "NFL owners", "question": "Who voted on the venue for Super Bowl 50?", "id": "56be5523acb8001400a5032d"}, {"answer": "San Diego", "question": "What California city last hosted the Super Bowl?", "id": "56be5523acb8001400a50330"}, {"answer": "May 21, 2013", "question": "On what date was Super Bowl 50 given to Levi's Stadium?", "id": "56beb2153aeaaa14008c9226"}, {"answer": "Super Bowl XXXVII", "question": "Prior to Super Bowl 50, what was the last Super Bowl in California?", "id": "56beb2153aeaaa14008c9228"}, {"answer": "San Diego", "question": "In what city did the last Super Bowl in California occur?", "id": "56beb2153aeaaa14008c9229"}, {"answer": "2013", "question": "What year did Levi's Stadium become fully approved to host Super Bowl 50?", "id": "56bf23363aeaaa14008c952f"}, {"answer": "$1.2 billion", "question": "How much did it cost to build the stadium where Super Bowl 50 was played?", "id": "56bf23363aeaaa14008c9531"}, {"answer": "1985", "question": "What year did a Super Bowl play in the bay area around San Francisco, prior to Super Bowl 50?", "id": "56bf23363aeaaa14008c9532"}, {"answer": "Super Bowl XXXVII", "question": "Which Super Bowl was hosted in San Diego in 2003? ", "id": "56bf23363aeaaa14008c9533"}, {"answer": "May 21, 2013", "question": "When was San Francisco voted to be the location for Super Bowl 50?", "id": "56d6f0770d65d21400198268"}, {"answer": "2003", "question": "When was the last Super Bowl in California?", "id": "56d6f0770d65d2140019826a"}, {"answer": "Boston", "question": "Where was the meeting held when the NFL owners voted on the location for Super Bowl 50?", "id": "56d6f0770d65d2140019826c"}, {"answer": "May 21, 2013", "question": "When was Levi's Stadium picked for Super bowl 50?", "id": "56d98fbfdc89441400fdb562"}, {"answer": "2003.", "question": "When was the last time California hosted a Super Bowl?", "id": "56d98fbfdc89441400fdb565"}, {"answer": "John Fox", "question": "Who coached each Super Bowl 50 participant in their most recent Super Bowl appearance prior to Super Bowl 50?", "id": "56be572b3aeaaa14008c9052"}, {"answer": "Carolina Panthers", "question": "Which team in Super Bowl 50 had a 15-1 record?", "id": "56beb2a03aeaaa14008c9231"}, {"answer": "Super Bowl XLVIII", "question": "What was the last Super Bowl the Broncos participated in?", "id": "56beb2a03aeaaa14008c9232"}, {"answer": "John Fox", "question": "Who was the head coach of the Broncos in Super Bowl XLVIII?", "id": "56beb2a03aeaaa14008c9233"}, {"answer": "eight", "question": "What was the number of times the Denver Broncos played in a Super Bowl by the time they reached Super Bowl 50?", "id": "56bf28c73aeaaa14008c9539"}, {"answer": "Super Bowl XXXVIII", "question": "What was the first Super Bowl that the Carolina Panthers played in? ", "id": "56bf28c73aeaaa14008c953c"}, {"answer": "Super Bowl XLVIII", "question": "Prior to Super Bowl 50, when were the Broncos last there?", "id": "56d6f1190d65d21400198274"}, {"answer": "Super Bowl XXXVIII.", "question": "Prior to Super Bowl 50, when were the Carolina Panthers last there?", "id": "56d6f1190d65d21400198275"}, {"answer": "one", "question": "How many games did the Panthers lose in the regular season before Super Bowl 50?", "id": "56d99179dc89441400fdb56c"}, {"answer": "four", "question": "How many teams up to Super Bowl 50 have been to the championship game eight times?", "id": "56d99179dc89441400fdb56d"}, {"answer": "John Fox", "question": "Before Super Bowl 50, what was the coach's name that coached both teams for their last Super Bowl appearances?", "id": "56d99179dc89441400fdb570"}, {"answer": "Jonathan Stewart", "question": "Which Panthers RB scored 6 TDs in the 13 games leading up to Super Bowl 50?", "id": "56bf6b303aeaaa14008c960f"}, {"answer": "John Fox", "question": "What coach left the Broncos after the season prior to Super Bowl 50?", "id": "56d99b7bdc89441400fdb5c8"}, {"answer": "Peyton Manning", "question": "According to game stats, which Super Bowl 50 quarterback had his worst year since his first season as a player in the NFL?", "id": "56d99b7bdc89441400fdb5c9"}, {"answer": "Gary Kubiak", "question": "Who was the Denver head coach for Super Bowl 50?", "id": "56d99b7bdc89441400fdb5ca"}, {"answer": "Arizona Cardinals", "question": "Who did the Panthers play to advance to the Super Bowl?", "id": "56d701280d65d214001982ba"}, {"answer": "New England Patriots", "question": "Who won Super Bowl XLIX?", "id": "56beb7953aeaaa14008c92ad"}, {"answer": "New England Patriots", "question": "Who won Super Bowl XLIX?", "id": "56bf36b93aeaaa14008c9563"}, {"answer": "39", "question": "How old was Peyton Manning when he played in Super Bowl 50?", "id": "56beb86b3aeaaa14008c92bd"}, {"answer": "John Elway", "question": "Who previously held the record for being the oldest quarterback to play in a Super Bowl?", "id": "56beb86b3aeaaa14008c92be"}, {"answer": "38", "question": "How old was John Elway when he played in Super Bowl XXXIII?", "id": "56beb86b3aeaaa14008c92bf"}, {"answer": "Broncos", "question": "Who did John Elway play for in Super Bowl XXXIII?", "id": "56beb86b3aeaaa14008c92c1"}, {"answer": "Broncos", "question": "What team was the winner of Super Bowl XXXIII?", "id": "56bf3fd53aeaaa14008c9591"}, {"answer": "38", "question": "How old was Elway during his Super Bowl XXXIII win?", "id": "56bf3fd53aeaaa14008c9593"}, {"answer": "Peyton Manning", "question": "Who has the record of being the oldest quarter back in any Super Bowl game?", "id": "56bf3fd53aeaaa14008c9594"}, {"answer": "two", "question": "How many teams has Manning played for that reached the Super Bowl, while he was on their team?", "id": "56bf3fd53aeaaa14008c9595"}, {"answer": "two", "question": "Peyton Manning took how many different teams to the Super Bowl?", "id": "56d704430d65d214001982de"}, {"answer": "Peyton Manning", "question": "Who is the oldest quarterback to play in a Super Bowl?", "id": "56d704430d65d214001982e0"}, {"answer": "John Elway", "question": "Prior to Manning, who was the oldest quarterback to play in a Super Bowl?", "id": "56d704430d65d214001982e1"}, {"answer": "Super Bowl XXXIII", "question": "Which Super Bowl did Elway win at 38 years old?", "id": "56d704430d65d214001982e2"}, {"answer": "Peyton Manning", "question": "Who was the first quarterback to take two teams to more than one Super Bowl?", "id": "56d9a0eadc89441400fdb63e"}, {"answer": "39.", "question": "How old was Manning when he played Super Bowl 50?", "id": "56d9a0eadc89441400fdb63f"}, {"answer": "John Elway", "question": "What is the name of the quarterback who was 38 in Super Bowl XXXIII?", "id": "56d9a0eadc89441400fdb640"}, {"answer": "26", "question": "How old was Newton during Super Bowl 50?", "id": "56beb90c3aeaaa14008c92c9"}, {"answer": "13 years and 48 days", "question": "How much older was Manning than Newton during Super Bowl 50?", "id": "56beb90c3aeaaa14008c92ca"}, {"answer": "26", "question": "How old was Newton during Super Bowl 50?", "id": "56bf41013aeaaa14008c959d"}, {"answer": "quarterback", "question": "What position did Newton play during Super Bowl 50?", "id": "56bf41013aeaaa14008c959e"}, {"answer": "26", "question": "How old was Newton in Super Bowl 50?", "id": "56d9a199dc89441400fdb648"}, {"answer": "13 years and 48 days", "question": "What was the age difference between Newton and Manning in Super Bowl 50?", "id": "56d9a199dc89441400fdb649"}, {"answer": "Super Bowl XX", "question": "In what Super Bowl did Rivera play?", "id": "56beb97c3aeaaa14008c92db"}, {"answer": "Chicago Bears", "question": "What team did Rivera play for in Super Bowl XX?", "id": "56beb97c3aeaaa14008c92dc"}, {"answer": "linebacker", "question": "What position did Rivera play in Super Bowl XX?", "id": "56beb97c3aeaaa14008c92dd"}, {"answer": "Elway", "question": "Who was replaced by Kubiak in Super Bowl XXIV?", "id": "56beb97c3aeaaa14008c92de"}, {"answer": "Broncos", "question": "What team did Kubiak play for in Super Bowl XXI?", "id": "56beb97c3aeaaa14008c92df"}, {"answer": "linebacker", "question": "What position did Rivera play in Super Bowl XX? ", "id": "56bf6c3e3aeaaa14008c9615"}, {"answer": "Elway", "question": "Who did Kubiak take the place of after Super Bowl XXIV?", "id": "56bf6c3e3aeaaa14008c9617"}, {"answer": "Super Bowl XX", "question": "What Super Bowl did Rivera play in as a player?", "id": "56d709ef0d65d21400198307"}, {"answer": "Bermuda 419", "question": "What is the name of the turf used in Levi's Stadium for the Super Bowl?", "id": "56beba103aeaaa14008c92e6"}, {"answer": "hybrid Bermuda 419 turf", "question": "What was used to sod the Levi's Stadium for Super Bowl 50? ", "id": "56bf467d3aeaaa14008c95a7"}, {"answer": "a new playing surface", "question": "What did the NFL do to the playing field at Levi's Stadium before the Super Bowl?", "id": "56d70adc0d65d21400198312"}, {"answer": "their cleats", "question": "What did a lot of players need to change during Super Bowl 50 because of the condition of the field?", "id": "56d70adc0d65d21400198314"}, {"answer": "natural grass", "question": "What field type is usually chosen for Super Bowl games?", "id": "56d9a419dc89441400fdb679"}, {"answer": "Broncos", "question": "Who was designated as the home team in the Super Bowl?", "id": "56bebad93aeaaa14008c92f9"}, {"answer": "34\u201319", "question": "What was the final score of Super Bowl XXXIII?", "id": "56bebad93aeaaa14008c92fa"}, {"answer": "Atlanta Falcons", "question": "What team lost Super Bowl XXXIII?", "id": "56bebad93aeaaa14008c92fb"}, {"answer": "white", "question": "What color pants did the Broncos wear in Super Bowl 50?", "id": "56bebad93aeaaa14008c92fc"}, {"answer": "34\u201319", "question": "What was the final score for Super Bowl XXXIII?", "id": "56bf48cc3aeaaa14008c95ac"}, {"answer": "Atlanta Falcons", "question": "What team did the Denver Broncos play in  Super Bowl XXXIII?", "id": "56bf48cc3aeaaa14008c95ae"}, {"answer": "white", "question": "What color were the Bronco's uniforms in Super Bowl 50?", "id": "56bf48cc3aeaaa14008c95af"}, {"answer": "road white jerseys", "question": "What jersey did the Broncos wear for Super Bowl 50?", "id": "56d70ccc0d65d2140019831d"}, {"answer": "Pittsburgh Steelers", "question": "Who is the only other AFC Champion team to wear road jerseys in a Super Bowl?", "id": "56d70ccc0d65d2140019831f"}, {"answer": "Super Bowl XXXIII", "question": "What was th elast Super Bowl where the Broncos wore white uniforms?", "id": "56d9a637dc89441400fdb697"}, {"answer": "blue", "question": "What was the color of the jerseys in Super Bowl XXXII when Elway was quarterback?", "id": "56d9a637dc89441400fdb698"}, {"answer": "black jerseys with silver pants.", "question": "Since Denver chose white, what colors did Carolina wear in Super Bowl 50?", "id": "56d9a637dc89441400fdb69a"}, {"answer": "San Jose Marriott", "question": "What hotel did the Panthers stay in during Super Bowl 50? ", "id": "56bf49993aeaaa14008c95b5"}, {"answer": "Santa Clara Marriott", "question": "What was the name of the hotel the Panthers chose to stay in during Super Bowl 50?", "id": "56bf49993aeaaa14008c95b6"}, {"answer": "San Jose State practice facility", "question": "Where did the Panthers practice at for Super Bowl 50?", "id": "56bf49993aeaaa14008c95b7"}, {"answer": "Stanford University", "question": "Where did the Broncos practice at for Super Bowl 50?", "id": "56bf49993aeaaa14008c95b8"}, {"answer": "San Jose State practice facility", "question": "Where did the Panthers practice for the Super Bowl?", "id": "56d70d240d65d21400198326"}, {"answer": "San Jose Marriott.", "question": "Which hotel did the Panthers stay at for the Super Bowl?", "id": "56d70d240d65d21400198327"}, {"answer": "Stanford University", "question": "Where did the Broncos practice for the Super Bowl?", "id": "56d70d240d65d21400198328"}, {"answer": "Santa Clara Marriott.", "question": "Which hotel did the Broncos use for Super Bowl 50?", "id": "56d70d240d65d21400198329"}, {"answer": "San Jose", "question": "Where was the practice place the Panthers used for the Super Bowl?", "id": "56d9a6b4dc89441400fdb6a0"}, {"answer": "Stanford University", "question": "Where did the Broncos practice for the Super Bowl?", "id": "56d9a6b4dc89441400fdb6a2"}, {"answer": "Santa Clara Marriott.", "question": "Where did the Broncos stay at for Super Bowl 50?", "id": "56d9a6b4dc89441400fdb6a3"}, {"answer": "June 4, 2014", "question": "When did the NFL announce the suspension of using Roman numerals to brand the Super Bowl?", "id": "56bebbbf3aeaaa14008c9315"}, {"answer": "Super Bowl V", "question": "What was the first Super Bowl branded with Roman numerals?", "id": "56bebbbf3aeaaa14008c9316"}, {"answer": "Super Bowl XLV", "question": "What was the first Super Bowl to use the standardized logo template?", "id": "56bebbbf3aeaaa14008c9318"}, {"answer": "2014", "question": "In what year was it declared that no Roman numerals would be used in the name of the 50th Super Bowl?", "id": "56bf4e1b3aeaaa14008c95bd"}, {"answer": "Super Bowl LI", "question": "Which Super Bowl, after the 50th one, will begin have Roman numerals in the title again?", "id": "56bf4e1b3aeaaa14008c95be"}, {"answer": "L", "question": "If Roman numerals were used in the naming of the 50th Super Bowl, which one would have been used?", "id": "56bf4e1b3aeaaa14008c95c0"}, {"answer": "gold", "question": "What color are the numbers in the Super Bowl 50 logo? ", "id": "56bf4e1b3aeaaa14008c95c1"}, {"answer": "June 4, 2014", "question": "When did the NFL announce that it would not use Roman numbers to designate the Super Bowl number?", "id": "56d70daa0d65d21400198332"}, {"answer": "Super Bowl LI.", "question": "When will Roman numerals be used again to denote the Super Bowl number?", "id": "56d70daa0d65d21400198336"}, {"answer": "Arabic", "question": "What type of numeral did the latest Super Bowl use to designate the game number?", "id": "56d9a7addc89441400fdb6a8"}, {"answer": "LI.", "question": "What is the Roman numeral going to be for Super Bowl 51?", "id": "56d9a7addc89441400fdb6ab"}, {"answer": "gold", "question": "What color was featured in promotions related to Super Bowl 50?", "id": "56bebc383aeaaa14008c931f"}, {"answer": "gold", "question": "What color was used to create the 50-yard line in Levi's Stadium for the season leading up to the Super Bowl 50 game?", "id": "56bf52483aeaaa14008c95c7"}, {"answer": "gold", "question": "What color were the footballs handed out to a variety of high schools, leading up to Super Bowl 50?", "id": "56bf52483aeaaa14008c95c8"}, {"answer": "Golden Super Bowl", "question": "Because of the gold theme, what was Super Bowl 50 known as?", "id": "56d70e570d65d2140019833c"}, {"answer": "Gold footballs", "question": "What was given to high schools where former students went on to play or coach in a Super Bowl?", "id": "56d70e570d65d2140019833e"}, {"answer": "gold", "question": "Since this was the 50th one, what was the theme color for the Super Bowl?", "id": "56d9b01fdc89441400fdb6d4"}, {"answer": "January 30", "question": "When was the opening of \"Super Bowl City\"?", "id": "56bebcbe3aeaaa14008c9329"}, {"answer": "1 million", "question": "How many people were estimated to go to the different game-themed events during the week prior to Super Bowl 50 in the city it was held in?", "id": "56bf53e73aeaaa14008c95cb"}, {"answer": "Ed Lee", "question": "Who was the mayor of San Francisco during Super Bowl 50? ", "id": "56bf53e73aeaaa14008c95cc"}, {"answer": "Moscone Center", "question": "Which building was the NFL Experience held at for Super Bowl 50?", "id": "56bf53e73aeaaa14008c95cd"}, {"answer": "Super Bowl City", "question": "What was the name of the event at the The Embarcadero that was held prior to Super Bowl 50 to help show off some of the things that San Francisco has to offer?", "id": "56bf53e73aeaaa14008c95ce"}, {"answer": "More than 1 million", "question": "How many people are likely to visit Justin Herman Plaza during the week of the Super Bowl?", "id": "56d9b389dc89441400fdb6ed"}, {"answer": "$5 million.", "question": "How much did San Francisco get for providing services for the Super Bowl?", "id": "56d9b389dc89441400fdb6ef"}, {"answer": "$2 million", "question": "How much money is being spent on other Super Bowl-related events?", "id": "56bebd713aeaaa14008c9330"}, {"answer": "$2 million", "question": "How much money was spent on other festivities in the Bay area to help celebrate the coming Super Bowl 50?", "id": "56bf555e3aeaaa14008c95d3"}, {"answer": "Bellomy Field", "question": "Where was a beer, wine and food festival held at prior to the Super Bowl?", "id": "56d714cd0d65d21400198356"}, {"answer": "city council", "question": "Who set aside seed funding for the week-long event leading up to the Super Bowl?", "id": "56d714cd0d65d21400198359"}, {"answer": "$2 million", "question": "What was the cost of the other Super Bowl events in the San Francisco area?", "id": "56d9b43edc89441400fdb700"}, {"answer": "city council", "question": "Who may have been called upon to fund the festival associated with the Super Bowl in Santa Clara?", "id": "56d9b43edc89441400fdb701"}, {"answer": "Monday", "question": "On what day was Super Bowl Opening Night held?", "id": "56bebde53aeaaa14008c9335"}, {"answer": "Tuesday", "question": "On what day does the Super Bowl media day traditionally take place?", "id": "56bebde53aeaaa14008c9336"}, {"answer": "SAP Center", "question": "What venue hosted Super Bowl Opening Night?", "id": "56bebde53aeaaa14008c9337"}, {"answer": "the Golden Gate Bridge", "question": "A replica of what landmark was present at Super Bowl Opening Night?", "id": "56bebde53aeaaa14008c9339"}, {"answer": "Tuesday", "question": "As a norm, what day of the week is the traditional Media Day held prior to a Super Bowl?", "id": "56bf57043aeaaa14008c95d9"}, {"answer": "Monday", "question": "What day of the week was Media Day held on for Super Bowl 50?", "id": "56bf57043aeaaa14008c95da"}, {"answer": "Super Bowl Opening Night", "question": "What was the name of the Media Day event for Super Bowl 50?", "id": "56bf57043aeaaa14008c95db"}, {"answer": "SAP Center", "question": "What is the name of the property where the media event was held for Super Bowl 50?", "id": "56bf57043aeaaa14008c95dc"}, {"answer": "San Jose", "question": "What city was the media event held for Super Bowl 50?", "id": "56bf57043aeaaa14008c95dd"}, {"answer": "SAP Center in San Jose.", "question": "Where was media day for Super Bowl 50 held?", "id": "56d71bd80d65d21400198361"}, {"answer": "Monday", "question": "What day was Super Bowl 50 media day switched to?", "id": "56d9b4ebdc89441400fdb708"}, {"answer": "Super Bowl Opening Night.", "question": "What was media day called for Super Bowl 50?", "id": "56d9b4ebdc89441400fdb709"}, {"answer": "SAP Center in San Jose.", "question": "Where was the new media day event for Super Bowl 50 held?", "id": "56d9b4ebdc89441400fdb70a"}, {"answer": "Golden Gate Bridge.", "question": "What bridge had a model of it at the Super Bowl Opening Night?", "id": "56d9b4ebdc89441400fdb70b"}, {"answer": "February 1, 2016", "question": "What date was Super Bowl Opening Night held?", "id": "56d9b4ebdc89441400fdb70c"}, {"answer": "Dignity Health", "question": "What health company was a Super Bowl sponsor?", "id": "56bebe873aeaaa14008c9341"}, {"answer": "Gap", "question": "What clothing company was a Super Bowl sponsor?", "id": "56bebe873aeaaa14008c9342"}, {"answer": "Chevron", "question": "What petroleum company was a Super Bowl sponsor?", "id": "56bebe873aeaaa14008c9343"}, {"answer": "Super Bowl 50 Host Committee", "question": "Which committee made an effort to invite companies owned by people, who are transgender or gay, to take part in contract business associated with Super Bowl 50.", "id": "56bf59523aeaaa14008c95e3"}, {"answer": "Business Connect", "question": "What is the Super Bowl program called that gives local companies business opportunities for the Super Bowl?", "id": "56d71cb60d65d21400198368"}, {"answer": "Business Connect", "question": "What is the name of the service that gets local businesses contract chances with the Super Bowl?", "id": "56d9b5ffdc89441400fdb720"}, {"answer": "the most giving Super Bowl ever", "question": "The Super Bowl 50 Host Committee said it would be the most what ever?", "id": "56d71d150d65d2140019836e"}, {"answer": "Vince Lombardi", "question": "Who is the trophy given to the Super Bowl champion named for?", "id": "56bec0353aeaaa14008c934d"}, {"answer": "18", "question": "The \"50\" given to the Super Bowl winner is plated with how many karats of gold?", "id": "56bec0353aeaaa14008c934e"}, {"answer": "66", "question": "What will the \"50\" given to the Super Bowl winner weigh in pounds?", "id": "56bec0353aeaaa14008c934f"}, {"answer": "Vince Lombardi Trophy", "question": "What is the name of the trophy given to anyone who plays on the winning team in a Super Bowl?", "id": "56bf5b933aeaaa14008c95ed"}, {"answer": "the Vince Lombardi Trophy", "question": "What is the name of the trophy that all Super Bowl winners receive?", "id": "56d71d9d0d65d21400198374"}, {"answer": "sidelines", "question": "Where was Tracy Wolfson announcing from during the Super Bowl 50 game?", "id": "56bf5e7b3aeaaa14008c95f8"}, {"answer": "CBS", "question": "Which television network aired the Super Bowl?", "id": "56d71ed50d65d2140019837c"}, {"answer": "CBS", "question": "What network aired Super Bowl 50?", "id": "56d9b7dcdc89441400fdb740"}, {"answer": "Jim Nantz and Phil Simms", "question": "Who were the announcers of Super Bowl 50?", "id": "56d9b7dcdc89441400fdb741"}, {"answer": "Tracy Wolfson and Evan Washburn", "question": "Who were the Super Bowl 50 sideline announcers?", "id": "56d9b7dcdc89441400fdb742"}, {"answer": "cameras", "question": "What was put on pylons for Super Bowl 50?", "id": "56d9b7dcdc89441400fdb744"}, {"answer": "CBS", "question": "Which TV network broadcasted Super Bowl 50 in Spanish?", "id": "56bf6d343aeaaa14008c961b"}, {"answer": "ESPN Deportes", "question": "What agency did the Spanish version of the Super Bowl?", "id": "56d9ba95dc89441400fdb754"}, {"answer": "Alvaro Martin and Raul Allegre", "question": "Who were the ESPN Deportes commentators for Super Bowl 50?", "id": "56d9ba95dc89441400fdb757"}, {"answer": "John Sutcliffe.", "question": "Who was the ESPN Deportes sideline commentator for Super Bowl 50?", "id": "56d9ba95dc89441400fdb758"}, {"answer": "CBSSports.com", "question": "What was the domain name of the site that streamed the Super Bowl 50 game? ", "id": "56bf6e7a3aeaaa14008c961f"}, {"answer": "NFL Mobile service.", "question": "Which mobile service were Verizon customers able to watch Super Bowl 50 on their phones?", "id": "56d7205e0d65d21400198392"}, {"answer": "digital streams of the game", "question": "What did CBS provide of the Super Bowl 50 broadcast for its website, some apps and media players?", "id": "56d9bc13dc89441400fdb75e"}, {"answer": "Verizon", "question": "What cellular carrier had the only contract for the Super Bowl to be shown on smartphones?", "id": "56d9bc13dc89441400fdb75f"}, {"answer": "WatchESPN.", "question": "Where was the ESPN Deportes Spanish version of Super Bowl 50 available?", "id": "56d9bc13dc89441400fdb760"}, {"answer": "The Late Show with Stephen Colbert", "question": "What talk show followed immediately after Super Bowl 50 on CBS?", "id": "56bec2573aeaaa14008c937b"}, {"answer": "The Late Show with Stephen Colbert", "question": "Which late night comedy host show played immediately after Super Bowl 50 ended?", "id": "56bf6f743aeaaa14008c9631"}, {"answer": "The Late Late Show with James Corden", "question": "What other CBS talk show played, after the main one that began immediately after Super Bowl 50?", "id": "56bf6f743aeaaa14008c9632"}, {"answer": "The Late Show with Stephen Colbert", "question": "What CBS show followed the Super Bowl?", "id": "56d720c70d65d21400198396"}, {"answer": "The Late Late Show with James Corden.", "question": "What followed the late local programming after Super Bowl 50?", "id": "56d720c70d65d21400198398"}, {"answer": "$5,000,000", "question": "What was the base rate for a 30-second ad during Super Bowl 50?", "id": "56bec3153aeaaa14008c9389"}, {"answer": "Doritos", "question": "What brand sponsored the \"Crash the Super Bowl\" contest?", "id": "56bec3153aeaaa14008c938b"}, {"answer": "20th", "question": "What anniversary of the Pok\u00e9mon franchise was celebrated during the Super Bowl?", "id": "56bec3153aeaaa14008c938c"}, {"answer": "$5,000,000", "question": "What was the starting cost for a TV commercial lasting 30 seconds and airing during Super Bowl 50?", "id": "56bf717d3aeaaa14008c9635"}, {"answer": "Anheuser-Busch InBev", "question": "Which company was given permission to air TV commercials during Super Bowl 50 at a discounted price?", "id": "56bf717d3aeaaa14008c9637"}, {"answer": "Doritos", "question": "Which company held a contest whereupon contestants could enter for a chance to have their own commercial shown during Super Bowl 50?", "id": "56bf717d3aeaaa14008c9638"}, {"answer": "Nintendo", "question": "Which video gaming company debuted their ad for the first time during Super Bowl 50?", "id": "56bf717d3aeaaa14008c9639"}, {"answer": "The Pok\u00e9mon Company", "question": "Who made their Super Bowl commercial debut with Nintendo?", "id": "56d721af0d65d2140019839e"}, {"answer": "Anheuser-Busch InBev", "question": "What company was in its last year for getting Super Bowl commercials at a big discount?", "id": "56d9bdc1dc89441400fdb768"}, {"answer": "Doritos", "question": "What company was this the last Super Bowl they would let customers have an opportunity to get their own commercial ideas aired?", "id": "56d9bdc1dc89441400fdb769"}, {"answer": "Crash the Super Bowl", "question": "What was the Doritos customer Super Bowl ad campaign called?", "id": "56d9bdc1dc89441400fdb76a"}, {"answer": "Death Wish Coffee", "question": "Which company won a contest to have their ad shown for free during Super Bowl 50?", "id": "56bf71e73aeaaa14008c963f"}, {"answer": "QuickBooks.", "question": "What company had a contest to win a free Super Bowl commercial?", "id": "56d9be16dc89441400fdb770"}, {"answer": "Death Wish Coffee", "question": "Who won the competition to get a free Super Bowl commercial aired?", "id": "56d9be16dc89441400fdb771"}, {"answer": "Jason Bourne", "question": "What Universal trailer debuted during the Super Bowl?", "id": "56bec4343aeaaa14008c93a9"}, {"answer": "Gods of Egypt", "question": "What Lionsgate trailer was shown during the Super Bowl?", "id": "56bec4343aeaaa14008c93aa"}, {"answer": "Teenage Mutant Ninja Turtles: Out of the Shadows", "question": "Along with 10 Cloverfield Lane, what Paramount trailer appeared during the Super Bowl?", "id": "56bec4343aeaaa14008c93ab"}, {"answer": "Resurgence", "question": "What was the subtitle of the Independence Day movie that had a trailer during the Super Bowl?", "id": "56bec4343aeaaa14008c93ac"}, {"answer": "Gods of Egypt", "question": "What film did Lionsgate pay to have the trailer aired during the Super Bowl?", "id": "56d723560d65d214001983ac"}, {"answer": "Independence Day", "question": "What famous July Fourth holiday movie did Fox pay to advertise a sequel of during the Super Bowl?", "id": "56d9bf70dc89441400fdb77b"}, {"answer": "Universal", "question": "What movie company paid to have the next Jason Bourne movie ad shown during the Super Bowl?", "id": "56d9bf70dc89441400fdb77c"}, {"answer": "Fox", "question": "What company paid for a Super Bowl 50 ad to show a trailer of X-Men: Apocalypse?", "id": "56d9bf70dc89441400fdb77d"}, {"answer": "Westwood One", "question": "What radio network carried the Super Bowl?", "id": "56bec4a33aeaaa14008c93b1"}, {"answer": "two", "question": "How many color analysts were involved with Super Bowl 50?", "id": "56bf738b3aeaaa14008c9655"}, {"answer": "Kevin Harlan", "question": "Who announced the game play-by-play for Super Bowl 50?", "id": "56bf738b3aeaaa14008c9656"}, {"answer": "Kevin Harlan", "question": "Who was the announcer for Westwood One's Super Bowl 50 coverage?", "id": "56d9c049dc89441400fdb78e"}, {"answer": "KOA (850 AM) and KRFX (103.5 FM)", "question": "What two radio stations in Denver carried Super Bowl 50?", "id": "56d9c203dc89441400fdb7a0"}, {"answer": "WBT-FM (99.3 FM)", "question": "What radio station in South Carolina carried the Super Bowl 50 game?", "id": "56d9c203dc89441400fdb7a3"}, {"answer": "BBC", "question": "What British TV network will carry the Super Bowl?", "id": "56d724ea0d65d214001983c8"}, {"answer": "Bart Starr", "question": "Who was the Most Valuable Player of Super Bowl II?", "id": "56bec6573aeaaa14008c93e9"}, {"answer": "Chuck Howley", "question": "What player won the MVP in Super Bowl V?", "id": "56bec6573aeaaa14008c93ea"}, {"answer": "Peyton Manning", "question": "Who was the Most Valuable Player of Super Bowl XLI?", "id": "56bec6573aeaaa14008c93eb"}, {"answer": "39", "question": "How many of the prior Super Bowl MVPs appeared together at the pregame show?", "id": "56d7251d0d65d214001983cc"}, {"answer": "43", "question": "How many players have been awarded the Most Valuable Player distinction for the Super Bowl?", "id": "56d9c3a6dc89441400fdb7b4"}, {"answer": "Bart Starr", "question": "Who was the MVP of Super Bowl I and II?", "id": "56d9c3a6dc89441400fdb7b6"}, {"answer": "Peyton Manning", "question": "Who was the MVP of Super Bowl XLI?", "id": "56d9c3a6dc89441400fdb7b7"}, {"answer": "Lady Gaga", "question": "Who did the National Anthem at Super Bowl 50?", "id": "56d7253b0d65d214001983d4"}, {"answer": "Lady Gaga", "question": "Who did the Super Bowl 50 National Anthem?", "id": "56d9c455dc89441400fdb7c4"}, {"answer": "Marlee Matlin", "question": "Who did the sign language of the National Anthem at Super Bowl 50?", "id": "56d9c455dc89441400fdb7c6"}, {"answer": "Super Bowl XLVII", "question": "At what Super Bowl did Beyonc\u00e9 headline the halftime show?", "id": "56bec7353aeaaa14008c940f"}, {"answer": "Super Bowl XLVIII", "question": "What previous Super Bowl halftime show did Bruno Mars headline?", "id": "56bec7353aeaaa14008c9411"}, {"answer": "Coldplay.", "question": "Who lead the halftime show of Super Bowl 50?", "id": "56d725790d65d214001983d8"}, {"answer": "Pepsi", "question": "What company confirmed that Beyonc\u00e9 would participate in the Super Bowl 50 halftime show?", "id": "56d725790d65d214001983da"}, {"answer": "\"Hymn for the Weekend\"", "question": "What song did Coldplay and Beyonc\u00e9 collaborate on for the Super Bowl 50 halftime show?", "id": "56d725790d65d214001983db"}, {"answer": "Coldplay.", "question": "Who headlined the Super Bowl 50 halftime show?", "id": "56d9c551dc89441400fdb7d0"}, {"answer": "Bruno Mars", "question": "What other former halftime show performer joined Coldplay and Beyonc\u00e9 for the Super Bowl 50 halftime show?", "id": "56d9c551dc89441400fdb7d3"}, {"answer": "Brandon McManus", "question": "Who kicked the field goal for Denver on the first drive of Super Bowl 50?", "id": "56d728a10d65d21400198415"}, {"answer": "Super Bowl XXVIII", "question": "What Super Bowl was the last where a fumble was returned for a touchdown?", "id": "56bec8243aeaaa14008c942f"}, {"answer": "Super Bowl XXVIII", "question": "When is the last time a fumble return touchdown happened in a Super Bowl?", "id": "56d9c660dc89441400fdb7ea"}, {"answer": "61", "question": "How many yards did Jordan Norwood return a punt to set the Super Bowl record?", "id": "56bec8a13aeaaa14008c9438"}, {"answer": "33", "question": "How many yards was the field goal that made the score 13-7 in Super Bowl 50?", "id": "56d729180d65d2140019842a"}, {"answer": "Ted Ginn Jr.", "question": "Who did Newton get a pass to in the Panther starting plays of Super Bowl 50?", "id": "56d9c92bdc89441400fdb80e"}, {"answer": "26-yard line", "question": "What yard line did the Broncos stop the Panthers on in their first offensive drive of Super Bowl 50?", "id": "56d9c92bdc89441400fdb80f"}, {"answer": "Ealy", "question": "What is the last name of the player who bumped the ball away from Manning in the fourth quarter of Super Bowl 50?", "id": "56d9ca0adc89441400fdb820"}, {"answer": "Thomas Davis", "question": "What player played in the Super Bowl after breaking his arm two weeks before?", "id": "56becaf93aeaaa14008c9484"}, {"answer": "Thomas Davis", "question": "Which player played even though he broke his arm two weeks prior to the Super Bowl?", "id": "56d7270c0d65d214001983f8"}, {"answer": "Sanders", "question": "What is the last name of the player who was Manning's top receiver for Super Bowl 50?", "id": "56d9ccacdc89441400fdb842"}, {"answer": "Anderson", "question": "What is th elast name of the player who was the Super Bowl 50 winner's leading rusher?", "id": "56d9ccacdc89441400fdb843"}, {"answer": "all four", "question": "How many of the four field goal attempts did McManus succeed at during SUper Bowl 50?", "id": "56d9ccacdc89441400fdb844"}, {"answer": "one", "question": "How many intercpetions did Newton have in Super Bowl 50?", "id": "56d9ccacdc89441400fdb845"}, {"answer": "four", "question": "How many total tackles did Charles Johnson have in Super Bowl 50?", "id": "56d9ccacdc89441400fdb846"}, {"answer": "Baltimore Ravens", "question": "What team had 244 yards in Super Bowl XXXV?", "id": "56becb823aeaaa14008c948d"}, {"answer": "Jordan Norwood", "question": "Who returned a punt for 61 yards, setting a new Super Bowl record?", "id": "56becb823aeaaa14008c948e"}, {"answer": "Manning", "question": "Who is the only quarterback to win a Super Bowl with two teams?", "id": "56becb823aeaaa14008c948f"}, {"answer": "194", "question": "How many yards did Denver have for Super Bowl 50?", "id": "56d7277c0d65d214001983fe"}, {"answer": "11", "question": "How many first downs did Denver have for Super Bowl 50?", "id": "56d7277c0d65d214001983ff"}, {"answer": "Chicago Bears", "question": "Who did the Broncos tie with the most sacks in a Super Bowl?", "id": "56d7277c0d65d21400198401"}, {"answer": "Broncos", "question": "Which team did Gary Kubiak play for when he was in the Super Bowl?", "id": "56d7277c0d65d21400198402"}, {"answer": "21", "question": "How many first downs did the Panthers have in Super Bowl 50?", "id": "56d9cd9adc89441400fdb84c"}, {"answer": "11", "question": "How many first downs did the Broncos have in Super Bowl 50?", "id": "56d9cd9adc89441400fdb84d"}, {"answer": "The Broncos", "question": "What team had the lowest downs and yards ever in the Super Bowl as of Super Bowl 50?", "id": "56d9cd9adc89441400fdb84e"}, {"answer": "Chicago Bears", "question": "What team di the Broncos tie a Super Bowl record for in sacks?", "id": "56d9cd9adc89441400fdb84f"}, {"answer": "two", "question": "How many teams has Manning won the Super Bowl with?", "id": "56d9cd9adc89441400fdb850"}]